{
  "lambda": 1.0,
  "mu": 1.9293800159418921,
  "nu": 1.130916686515972
}