{
  "lambda": 1.0,
  "mu": 2.264818975257151,
  "nu": 2.191703710160898,
  "normalizer": {
    "B_scale": 4.0,
    "O_scale": 2.0,
    "b_q": 0.95,
    "o_q": 0.95
  }
}