{
  "accuracy": 0.9966666666666667,
  "kappa": 0.9911504424778761,
  "confusion_matrix": {
    "TN": 75,
    "FP": 1,
    "FN": 0,
    "TP": 224
  }
}