{
  "accuracy": 0.9933333333333333,
  "kappa": 0.9858028488949884,
  "confusion_matrix": {
    "TN": 186,
    "FP": 1,
    "FN": 1,
    "TP": 112
  }
}