{
  "accuracy": 0.2733333333333333,
  "kappa": 0.004869141813755307,
  "confusion_matrix": {
    "TN": 80,
    "FP": 0,
    "FN": 218,
    "TP": 2
  }
}